sub_genero,especie
Marmota,Alaska marmot
Marmota,Alaska marmot
Marmota,Alaska marmot
Marmota,Alaska marmot
Marmota,Alaska marmot
Marmota,Alaska marmot
Marmota,Alaska marmot
Marmota,Alaska marmot
Marmota,Alaska marmot
Marmota,Alaska marmot
Marmota,Alaska marmot
Marmota,Alaska marmot
Marmota,Alaska marmot
Marmota,Alaska marmot
Marmota,Alaska marmot
Marmota,Alaska marmot
Marmota,Alaska marmot
Marmota,Alaska marmot
Marmota,Alaska marmot
Marmota,Alpine marmot
Marmota,Alpine marmot
Marmota,Alpine marmot
Marmota,Alpine marmot
Marmota,Alpine marmot
Marmota,Alpine marmot
Marmota,Alpine marmot
Marmota,Alpine marmot
Marmota,Alpine marmot
Marmota,Alpine marmot
Marmota,Alpine marmot
Marmota,Alpine marmot
Marmota,Black-capped marmot
Marmota,Black-capped marmot
Marmota,Black-capped marmot
Marmota,Black-capped marmot
Marmota,Black-capped marmot
Marmota,Black-capped marmot
Marmota,Black-capped marmot
Marmota,Black-capped marmot
Marmota,Black-capped marmot
Marmota,Black-capped marmot
Marmota,Black-capped marmot
Marmota,Black-capped marmot
Marmota,Black-capped marmot
Marmota,Black-capped marmot
Marmota,Black-capped marmot
Marmota,Black-capped marmot
Marmota,Black-capped marmot
Marmota,Black-capped marmot
Marmota,Black-capped marmot
Marmota,Black-capped marmot
Marmota,Bobak marmot
Marmota,Bobak marmot
Marmota,Bobak marmot
Marmota,Bobak marmot
Marmota,Bobak marmot
Marmota,Bobak marmot
Marmota,Bobak marmot
Marmota,Bobak marmot
Marmota,Bobak marmot
Marmota,Bobak marmot
Marmota,Bobak marmot
Marmota,Bobak marmot
Marmota,Bobak marmot
Marmota,Bobak marmot
Marmota,Bobak marmot
Marmota,Bobak marmot
Marmota,Bobak marmot
Marmota,Bobak marmot
Marmota,Bobak marmot
Marmota,Bobak marmot
Marmota,Forest-steppe marmot
Marmota,Forest-steppe marmot
Marmota,Forest-steppe marmot
Marmota,Forest-steppe marmot
Marmota,Forest-steppe marmot
Marmota,Forest-steppe marmot
Marmota,Forest-steppe marmot
Marmota,Forest-steppe marmot
Marmota,Forest-steppe marmot
Marmota,Forest-steppe marmot
Marmota,Forest-steppe marmot
Marmota,Forest-steppe marmot
Marmota,Forest-steppe marmot
Marmota,Forest-steppe marmot
Marmota,Forest-steppe marmot
Marmota,Forest-steppe marmot
Marmota,Forest-steppe marmot
Marmota,Forest-steppe marmot
Marmota,Forest-steppe marmot
Marmota,Forest-steppe marmot
Marmota,Forest-steppe marmot
Marmota,Forest-steppe marmot
Marmota,Forest-steppe marmot
Marmota,Forest-steppe marmot
Marmota,Forest-steppe marmot
Marmota,Gray marmot
Marmota,Gray marmot
Marmota,Gray marmot
Marmota,Gray marmot
Marmota,Gray marmot
Marmota,Gray marmot
Marmota,Gray marmot
Marmota,Gray marmot
Marmota,Gray marmot
Marmota,Gray marmot
Marmota,Gray marmot
Marmota,Gray marmot
Marmota,Gray marmot
Marmota,Gray marmot
Marmota,Gray marmot
Marmota,Groundhog
Marmota,Groundhog
Marmota,Groundhog
Marmota,Groundhog
Marmota,Groundhog
Marmota,Groundhog
Marmota,Groundhog
Marmota,Groundhog
Marmota,Groundhog
Marmota,Groundhog
Marmota,Groundhog
Marmota,Groundhog
Marmota,Groundhog
Marmota,Groundhog
Marmota,Groundhog
Marmota,Groundhog
Marmota,Groundhog
Marmota,Groundhog
Marmota,Groundhog
Marmota,Himalayan marmot
Marmota,Himalayan marmot
Marmota,Himalayan marmot
Marmota,Himalayan marmot
Marmota,Himalayan marmot
Marmota,Himalayan marmot
Marmota,Himalayan marmot
Marmota,Himalayan marmot
Marmota,Himalayan marmot
Marmota,Himalayan marmot
Marmota,Himalayan marmot
Marmota,Himalayan marmot
Marmota,Himalayan marmot
Marmota,Himalayan marmot
Marmota,Himalayan marmot
Marmota,Himalayan marmot
Marmota,Long-tailed marmot
Marmota,Long-tailed marmot
Marmota,Long-tailed marmot
Marmota,Long-tailed marmot
Marmota,Long-tailed marmot
Marmota,Long-tailed marmot
Marmota,Long-tailed marmot
Marmota,Long-tailed marmot
Marmota,Long-tailed marmot
Marmota,Long-tailed marmot
Marmota,Long-tailed marmot
Marmota,Long-tailed marmot
Marmota,Long-tailed marmot
Marmota,Long-tailed marmot
Marmota,Menzbier's marmot
Marmota,Menzbier's marmot
Marmota,Menzbier's marmot
Marmota,Menzbier's marmot
Marmota,Menzbier's marmot
Marmota,Menzbier's marmot
Marmota,Menzbier's marmot
Marmota,Menzbier's marmot
Marmota,Menzbier's marmot
Marmota,Menzbier's marmot
Marmota,Menzbier's marmot
Marmota,Menzbier's marmot
Marmota,Menzbier's marmot
Marmota,Menzbier's marmot
Marmota,Menzbier's marmot
Marmota,Tarbagan marmot
Marmota,Tarbagan marmot
Marmota,Tarbagan marmot
Marmota,Tarbagan marmot
Marmota,Tarbagan marmot
Marmota,Tarbagan marmot
Marmota,Tarbagan marmot
Marmota,Tarbagan marmot
Marmota,Tarbagan marmot
Marmota,Tarbagan marmot
Marmota,Tarbagan marmot
Marmota,Tarbagan marmot
Marmota,Tarbagan marmot
Marmota,Tarbagan marmot
Marmota,Tarbagan marmot
Petromarmota,Hoary marmot
Petromarmota,Hoary marmot
Petromarmota,Hoary marmot
Petromarmota,Hoary marmot
Petromarmota,Hoary marmot
Petromarmota,Hoary marmot
Petromarmota,Hoary marmot
Petromarmota,Hoary marmot
Petromarmota,Hoary marmot
Petromarmota,Hoary marmot
Petromarmota,Hoary marmot
Petromarmota,Hoary marmot
Petromarmota,Hoary marmot
Petromarmota,Hoary marmot
Petromarmota,Hoary marmot
Petromarmota,Hoary marmot
Petromarmota,Hoary marmot
Petromarmota,Hoary marmot
Petromarmota,Hoary marmot
Petromarmota,Hoary marmot
Petromarmota,Hoary marmot
Petromarmota,Hoary marmot
Petromarmota,Olympic marmot
Petromarmota,Olympic marmot
Petromarmota,Olympic marmot
Petromarmota,Olympic marmot
Petromarmota,Olympic marmot
Petromarmota,Olympic marmot
Petromarmota,Olympic marmot
Petromarmota,Olympic marmot
Petromarmota,Olympic marmot
Petromarmota,Olympic marmot
Petromarmota,Olympic marmot
Petromarmota,Olympic marmot
Petromarmota,Olympic marmot
Petromarmota,Olympic marmot
Petromarmota,Olympic marmot
Petromarmota,Olympic marmot
Petromarmota,Olympic marmot
Petromarmota,Olympic marmot
Petromarmota,Olympic marmot
Petromarmota,Olympic marmot
Petromarmota,Olympic marmot
Petromarmota,Olympic marmot
Petromarmota,Olympic marmot
Petromarmota,Olympic marmot
Petromarmota,Olympic marmot
Petromarmota,Olympic marmot
Petromarmota,Olympic marmot
Petromarmota,Olympic marmot
Petromarmota,Olympic marmot
Petromarmota,Vancouver Island marmot
Petromarmota,Vancouver Island marmot
Petromarmota,Vancouver Island marmot
Petromarmota,Vancouver Island marmot
Petromarmota,Vancouver Island marmot
Petromarmota,Vancouver Island marmot
Petromarmota,Vancouver Island marmot
Petromarmota,Vancouver Island marmot
Petromarmota,Vancouver Island marmot
Petromarmota,Vancouver Island marmot
Petromarmota,Vancouver Island marmot
Petromarmota,Vancouver Island marmot
Petromarmota,Vancouver Island marmot
Petromarmota,Vancouver Island marmot
Petromarmota,Vancouver Island marmot
Petromarmota,Vancouver Island marmot
Petromarmota,Vancouver Island marmot
Petromarmota,Vancouver Island marmot
Petromarmota,Vancouver Island marmot
Petromarmota,Vancouver Island marmot
Petromarmota,Vancouver Island marmot
Petromarmota,Vancouver Island marmot
Petromarmota,Vancouver Island marmot
Petromarmota,Vancouver Island marmot
Petromarmota,Vancouver Island marmot
Petromarmota,Vancouver Island marmot
Petromarmota,Yellow-bellied marmot
Petromarmota,Yellow-bellied marmot
Petromarmota,Yellow-bellied marmot
Petromarmota,Yellow-bellied marmot
Petromarmota,Yellow-bellied marmot
Petromarmota,Yellow-bellied marmot
Petromarmota,Yellow-bellied marmot
Petromarmota,Yellow-bellied marmot
Petromarmota,Yellow-bellied marmot
Petromarmota,Yellow-bellied marmot
Petromarmota,Yellow-bellied marmot
Petromarmota,Yellow-bellied marmot
